{
  "target_g": 8.87,
  "gravities": [
    1,
    2,
    3,
    4,
    5,
    6,
    7,
    8,
    9,
    10
  ],
  "lip_mode": "uniform",
  "correct_g": null,
  "wrong_g": null,
  "N0": 128,
  "em_iters": 100,
  "em_m_steps": 100,
  "em_iter0_m_steps": 100,
  "em_beta_scale": -1.0,
  "em_d_eff": 811030,
  "em_nu": 0.1,
  "em_lr": 1e-05,
  "em_lr_schedule": "constant",
  "pi": [
    0.01,
    0.01,
    0.01,
    0.01,
    0.01,
    0.01,
    0.01,
    0.01,
    0.01,
    0.01
  ],
  "final_weights": [
    0.011009205061395471,
    0.01126860751730802,
    0.010759441448081627,
    0.011518440918988578,
    0.011154276520677112,
    0.006326704112032632,
    0.011188320876665119,
    0.010978358823208344,
    0.010109367542543489,
    0.010735975316576617
  ],
  "final_argmax": 3,
  "final_argmax_g": 4,
  "best_test_nll": -35.0607015625,
  "final_test_nll": -35.0607015625,
  "test_nll_trajectory": [
    -16.4644953125,
    -27.771153125,
    -34.56229140625,
    -33.454557421875,
    -33.585401953125,
    -34.503211328125,
    -35.0607015625
  ],
  "em_seconds": 32.05905342102051
}