{
  "p0": 0.01,
  "eps": 1.0,
  "alpha_0": -2.126795353238917,
  "alpha": [
    -5.019891637184339,
    -4.853440228139244,
    -4.959428683095343,
    -5.0065938396722425,
    -4.90449224529497,
    -4.898738827139279,
    -4.932368645679518,
    -4.993432498002068,
    -1.3843062873439187,
    -4.998532920863926
  ],
  "pi": [
    0.00656189949620859,
    0.0077411002813666824,
    0.006968041284721234,
    0.0066491569898949904,
    0.007358654990862681,
    0.007400800202564016,
    0.007157803000130725,
    0.0067366538046933246,
    0.20031828152947184,
    0.006702611211492569
  ],
  "gravities": [
    1,
    2,
    3,
    4,
    5,
    6,
    7,
    8,
    9,
    10
  ],
  "source_to_g": {
    "source_01": 6,
    "source_02": 7,
    "source_03": 1,
    "source_04": 8,
    "source_05": 4,
    "source_06": 3,
    "source_07": 5,
    "source_08": 10,
    "source_09": 2,
    "source_10": 9
  },
  "n_queries": 50
}