{
  "p0": 0.01,
  "eps": 1.0,
  "alpha_0": -6.091345684522891,
  "alpha": [
    -5.1883840288471745,
    -5.205695173000799,
    -5.023324467799348,
    -4.9238327818154435,
    -4.630214511102438,
    -4.381321554499372,
    -3.822014286543684,
    -4.529911155026026,
    -3.83518682757998,
    -4.411313514892364
  ],
  "pi": [
    0.005550043402606613,
    0.005455312252525701,
    0.006539559283137454,
    0.0072187196005792,
    0.009658470973212685,
    0.012354279197197787,
    0.021415036738836567,
    0.010666630221920388,
    0.021140720570978815,
    0.011993629463090705
  ],
  "gravities": [
    1,
    2,
    3,
    4,
    5,
    6,
    7,
    8,
    9,
    10
  ],
  "source_to_g": {
    "source_01": 6,
    "source_02": 7,
    "source_03": 1,
    "source_04": 8,
    "source_05": 4,
    "source_06": 3,
    "source_07": 5,
    "source_08": 10,
    "source_09": 2,
    "source_10": 9
  },
  "n_queries": 50
}