{
  "target_g": 8.87,
  "gravities": [
    1,
    2,
    3,
    4,
    5,
    6,
    7,
    8,
    9,
    10
  ],
  "lip_mode": "uniform",
  "correct_g": null,
  "wrong_g": null,
  "N0": 2048,
  "em_iters": 100,
  "em_m_steps": 100,
  "em_iter0_m_steps": 100,
  "em_beta_scale": -1.0,
  "em_d_eff": 811030,
  "em_nu": 0.1,
  "em_lr": 1e-05,
  "em_lr_schedule": "constant",
  "pi": [
    0.01,
    0.01,
    0.01,
    0.01,
    0.01,
    0.01,
    0.01,
    0.01,
    0.01,
    0.01
  ],
  "final_weights": [
    3.888981262908735e-217,
    7.211689639408445e-244,
    7.147003501830304e-180,
    5.8471227710367405e-193,
    0.0,
    1.177716724828527e-148,
    1.612222790271321e-154,
    1.1614667395777716e-42,
    0.9999536284463835,
    1.4361376695084484e-62
  ],
  "final_argmax": 8,
  "final_argmax_g": 9,
  "best_test_nll": -66.853071875,
  "final_test_nll": -66.853071875,
  "test_nll_trajectory": [
    -62.48453984375,
    -65.03699921875,
    -65.61566875,
    -65.96649453125,
    -66.25068359375,
    -66.35593984375,
    -66.3696671875,
    -66.41345,
    -66.4469203125,
    -66.4565,
    -66.50095625,
    -66.55783828125,
    -66.5980859375,
    -66.6344109375,
    -66.71612421875,
    -66.7384828125,
    -66.77116875,
    -66.79193125,
    -66.853071875
  ],
  "em_seconds": 76.38367581367493
}