{
  "target_g": 8.87,
  "gravities": [
    1,
    2,
    3,
    4,
    5,
    6,
    7,
    8,
    9,
    10
  ],
  "lip_mode": "uniform",
  "correct_g": null,
  "wrong_g": null,
  "N0": 256,
  "em_iters": 100,
  "em_m_steps": 100,
  "em_iter0_m_steps": 100,
  "em_beta_scale": -1.0,
  "em_d_eff": 811030,
  "em_nu": 0.1,
  "em_lr": 1e-05,
  "em_lr_schedule": "constant",
  "pi": [
    0.01,
    0.01,
    0.01,
    0.01,
    0.01,
    0.01,
    0.01,
    0.01,
    0.01,
    0.01
  ],
  "final_weights": [
    0.01135813738378134,
    0.012836105031154383,
    0.01072093916345647,
    0.012441604698274291,
    0.010315333794870922,
    0.00045877969130064084,
    0.011974064026605407,
    0.011334163126939344,
    0.010461978054080716,
    0.012175716585281103
  ],
  "final_argmax": 1,
  "final_argmax_g": 2,
  "best_test_nll": -57.36483828125,
  "final_test_nll": -57.36483828125,
  "test_nll_trajectory": [
    -39.04691015625,
    -50.66438125,
    -54.09879609375,
    -55.434946875,
    -56.04128125,
    -56.3017453125,
    -56.78205234375,
    -57.207659375,
    -57.36483828125
  ],
  "em_seconds": 36.80883741378784
}