{
  "target_g": 8.87,
  "gravities": [
    1,
    2,
    3,
    4,
    5,
    6,
    7,
    8,
    9,
    10
  ],
  "lip_mode": "uniform",
  "correct_g": null,
  "wrong_g": null,
  "N0": 1024,
  "em_iters": 100,
  "em_m_steps": 100,
  "em_iter0_m_steps": 100,
  "em_beta_scale": -1.0,
  "em_d_eff": 811030,
  "em_nu": 0.1,
  "em_lr": 1e-05,
  "em_lr_schedule": "constant",
  "pi": [
    0.01,
    0.01,
    0.01,
    0.01,
    0.01,
    0.01,
    0.01,
    0.01,
    0.01,
    0.01
  ],
  "final_weights": [
    8.375458106223958e-275,
    4.607415772796975e-285,
    8.063330038610356e-216,
    4.6603810548183637e-237,
    0.0,
    3.510678716306815e-162,
    9.045575579840882e-166,
    6.812918026676444e-46,
    0.9996765040270592,
    4.040747425973834e-69
  ],
  "final_argmax": 8,
  "final_argmax_g": 9,
  "best_test_nll": -66.5297828125,
  "final_test_nll": -66.5297828125,
  "test_nll_trajectory": [
    -59.6644421875,
    -63.47140625,
    -64.319378125,
    -64.7115046875,
    -65.061478125,
    -65.29938359375,
    -65.51515078125,
    -65.6622015625,
    -65.7452375,
    -65.8810375,
    -65.9408421875,
    -65.984609375,
    -66.01260546875,
    -66.0419828125,
    -66.09520546875,
    -66.142134375,
    -66.20457421875,
    -66.251234375,
    -66.36191015625,
    -66.3043625,
    -66.38615625,
    -66.4616015625,
    -66.44428828125,
    -66.4295828125,
    -66.52588203125,
    -66.5297828125
  ],
  "em_seconds": 107.00451946258545
}