{
  "target_g": 8.87,
  "gravities": [
    1,
    2,
    3,
    4,
    5,
    6,
    7,
    8,
    9,
    10
  ],
  "lip_mode": "uniform",
  "correct_g": null,
  "wrong_g": null,
  "N0": 4096,
  "em_iters": 100,
  "em_m_steps": 100,
  "em_iter0_m_steps": 100,
  "em_beta_scale": -1.0,
  "em_d_eff": 811030,
  "em_nu": 0.1,
  "em_lr": 1e-05,
  "em_lr_schedule": "constant",
  "pi": [
    0.01,
    0.01,
    0.01,
    0.01,
    0.01,
    0.01,
    0.01,
    0.01,
    0.01,
    0.01
  ],
  "final_weights": [
    8.682678024178118e-195,
    1.235213157655089e-225,
    1.2553570011897055e-165,
    6.589788968059145e-179,
    0.0,
    2.357441181546358e-148,
    2.9004164192443e-172,
    1.0778951077305357e-44,
    0.9999977368972746,
    5.772917991596347e-66
  ],
  "final_argmax": 8,
  "final_argmax_g": 9,
  "best_test_nll": -67.2302953125,
  "final_test_nll": -67.2302953125,
  "test_nll_trajectory": [
    -64.40412890625,
    -66.32885,
    -66.80808125,
    -66.9340828125,
    -66.97474375,
    -66.96271015625,
    -66.9562359375,
    -66.98192578125,
    -67.0133,
    -66.994746875,
    -67.0486,
    -67.09960703125,
    -67.11854609375,
    -67.19753515625,
    -67.2302953125
  ],
  "em_seconds": 38.648212909698486
}